,,,,,,,,,,,,,,,
ASN Origin : 58552,,,,,,,,,,,,,,,
Router : SDIIX GGC JKT,,,,,,,,,,,,,,,
IP Name : PT Sumber Data Indonesia,,,,,,,,,,,,,,,
IP Blok 43.240.231.0/24,,,,,,,,,,,,,,,
,,,,,,,,,,,,,,,
Mask (Dec) :,,.252,,.248,,.240,,.224,,.192,,.128,,.0,
,,/30,,/29,,/28,,/27,,/26,,/25,,/24,
,,2,,3,,4,,5,,6,,7,,8,
Alokasi,Vlan,Network,Broadcast,Network,Broadcast,Network,Broadcast,Network,Broadcast,Network,Broadcast,Network,Broadcast,Network,Broadcast
GGC REMALA DPS 1 /26,,0,3,,,0,,0,,0,,0,,0,
,,4,7,0,7,,,,,,,,,,
,,8,11,8,,,,,,,,,,,
,,12,15,,15,,15,,,,,,,,
,,16,19,16,,16,,,,,,,,,
,,20,23,,23,,,,,,,,,,
,,24,27,24,,,,,,,,,,,
,,28,31,,31,,31,,31,,,,,,
,,32,35,32,,32,,32,,,,,,,
,,36,39,,39,,,,,,,,,,
,,40,43,40,,,,,,,,,,,
,,44,47,,47,,47,,,,,,,,
,,48,51,48,,48,,,,,,,,,
,,52,55,,55,,,,,,,,,,
,,56,59,56,,,,,,,,,,,
,,60,63,,63,,63,,63,,63,,,,
GGC REMALA CGK4 /26,,64,67,64,,64,,64,,64,,,,,
,,68,71,,71,,,,,,,,,,
,,72,75,72,,,,,,,,,,,
,,76,79,,79,,79,,,,,,,,
,,80,83,80,,80,,,,,,,,,
,,84,87,,87,,,,,,,,,,
,,88,91,88,,,,,,,,,,,
,,92,95,,95,,95,,95,,,,,,
,,96,99,96,,96,,96,,,,,,,
,,100,103,,103,,,,,,,,,,
,,104,107,104,,,,,,,,,,,
,,108,111,,111,,111,,,,,,,,
,,112,115,112,,112,,,,,,,,,
,,116,119,,119,,,,,,,,,,
,,120,123,120,,,,,,,,,,,
,,124,127,,127,,127,,127,,127,,127,,
ptp ggc cgk4 /30,87,128,131,128,,128,,128,,128,,128,,,
,,132,135,,135,,,,,,,,,,
,,136,139,136,,,,,,,,,,,
,,140,143,,143,,143,,,,,,,,
,,144,147,144,,144,,,,,,,,,
,,148,151,,151,,,,,,,,,,
,,152,155,152,,,,,,,,,,,
,,156,159,,159,,159,,159,,,,,,
,,160,163,160,,160,,160,,,,,,,
,,164,167,,167,,,,,,,,,,
,,168,171,168,,,,,,,,,,,
,,172,175,,175,,175,,,,,,,,
,,176,179,176,,176,,,,,,,,,
,,180,183,,183,,,,,,,,,,
,,184,187,184,,,,,,,,,,,
,,188,191,,191,,191,,191,,191,,,,
GGC REMALA SUB1 /26,,192,195,192,,192,,192,,192,,,,,
,,196,199,,199,,,,,,,,,,
,,200,203,200,,,,,,,,,,,
,,204,207,,207,,207,,,,,,,,
,,208,211,208,,208,,,,,,,,,
,,212,215,,215,,,,,,,,,,
,,216,219,216,,,,,,,,,,,
,,220,223,,223,,223,,223,,,,,,
,,224,227,224,,224,,224,,,,,,,
,,228,231,,231,,,,,,,,,,
,,232,235,232,,,,,,,,,,,
,,236,239,,239,,239,,,,,,,,
,,240,243,240,,240,,,,,,,,,
,,244,247,,247,,,,,,,,,,
,,248,251,248,,,,,,,,,,,
,,252,255,,255,,255,,255,,255,,255,,255
,,,,,,,,,,,,,,,
,,,,,,,,,,,,,,,
,,,,,,,,,,,,,,,
1. Node 1 :,,,,,,,,,,,,,,,
Service Tag : 4WNYT72,,,,,,,,,,,,,,,
IP: 43.240.231.4,,,,,,,,,,,,,,,
SM: 255.255.255.224,,,,,,,,,,,,,,,
GW: 43.240.231.1,,,,,,,,,,,,,,,
,,,,,,,,,,,,,,,
2. Node 2 :,,,,,,,,,,,,,,,
Service Tag : 4WP0V72,,,,,,,,,,,,,,,
IP: 43.240.231.5,,,,,,,,,,,,,,,
SM: 255.255.255.224,,,,,,,,,,,,,,,
GW: 43.240.231.1,,,,,,,,,,,,,,,
,,,,,,,,,,,,,,,
3. Node 3 :,,,,,,,,,,,,,,,
Service Tag : 4WP2V72,,,,,,,,,,,,,,,
IP: 43.240.231.6,,,,,,,,,,,,,,,
SM: 255.255.255.224,,,,,,,,,,,,,,,
GW: 43.240.231.1,,,,,,,,,,,,,,,
,,,,,,,,,,,,,,,
4. Node 4 :,,,,,,,,,,,,,,,
Service Tag : 4WP4V72,,,,,,,,,,,,,,,
IP: 43.240.231.7,,,,,,,,,,,,,,,
SM: 255.255.255.224,,,,,,,,,,,,,,,
GW: 43.240.231.1,,,,,,,,,,,,,,,
,,,,,,,,,,,,,,,
,,,,,,,,,,,,,,,
Hostname: ptremala-cgk202,,,,,,,,,,,,,,,
IP Address: 103.11.28.5,,,,,,,,,,,,,,,
Service Tag: 8HY9B2S,,,,,,,,,,,,,,,
,,,,,,,,,,,,,,,
Hostname: ptremala-bdo102,,,,,,,,,,,,,,,
IP Address: 103.11.28.69,,,,,,,,,,,,,,,
Service Tag: 34LNF2S,,,,,,,,,,,,,,,
,,,,,,,,,,,,,,,
"Hostname: ptremala-cbn101, ptremala-cbn102, ptremala-cbn103",,,,,,,,,,,,,,,
"IP Address: 103.11.28.132, 103.11.28.133, 103.11.28.134",,,,,,,,,,,,,,,
"Service Tag: 65LNF2S, 84LNF2S, D7YNF2S",,,,,,,,,,,,,,,