163.61.201.0/24 | 153816,,,,,,,,,,,,,,,
Mask (Dec) :,,0.252,,0.248,,0.24,,0.224,,0.192,,0.128,,0,
,,/30,,/29,,/28,,/27,,/26,,/25,,/24,
,,2,,3,,4,,5,,6,,7,,8,
Alokasi,Vlan,Network,Broadcast,Network,Broadcast,Network,Broadcast,Network,Broadcast,Network,Broadcast,Network,Broadcast,Network,Broadcast
SERVER PUBLIK RK 15,,0,3,0,,0,,0,,0,,0,,0,
,,4,7,,7,,,,,,,,,,
Server OPUNG KE JKT,662,8,11,8,,,,,,,,,,,
,,12,15,,15,,15,,,,,,,,
PTP BOB,2077,16,19,16,,16,,,,,,,,,
,,20,23,,23,,,,,,,,,,
berman sitorus,1149,24,27,24,,,,,,,,,,,
,,28,31,,31,,31,,31,,,,,,
PT Royal site sungai panas,2083,32,35,32,,32,,32,,,,,,,
,,36,39,,39,,,,,,,,,,
dist,2800,40,43,40,,,,,,,,,,,
,,44,47,,47,,47,,,,,,,,
dist,2802,48,51,48,,48,,,,,,,,,
,,52,55,,55,,,,,,,,,,
PYP BOB,1455,56,59,56,,,,,,,,,,,
,,60,63,,63,,63,,63,,63,,,,
dist,411,64,67,64,,64,,64,,64,,,,,
,,68,71,,71,,,,,,,,,,
,,72,75,72,,,,,,,,,,,
,,76,79,,79,,79,,,,,,,,
dist,422,80,83,80,,80,,,,,,,,,
,,84,87,,87,,,,,,,,,,
,,88,91,88,,,,,,,,,,,
,,92,95,,95,,95,,95,,,,,,
,,96,99,96,,96,,96,,,,,,,
,,100,103,,103,,,,,,,,,,
PT Royal Aseetindo,2801,104,107,104,,,,,,,,,,,
,,108,111,,111,,111,,,,,,,,
PT Royal Asetindo /28,,112,115,112,,112,,,,,,,,,
,,116,119,,119,,,,,,,,,,
,,120,123,120,,,,,,,,,,,
,,124,127,,127,,127,,127,,127,,127,,
,,128,131,128,,128,,128,,128,,128,,,
Intai Main trial,1915,132,135,,135,,,,,,,,,,
Intai Backup trial,1916,136,139,136,,,,,,,,,,,
,,140,143,,143,,143,,,,,,,,
,,144,147,144,,144,,,,,,,,,
,,148,151,,151,,,,,,,,,,
,,152,155,152,,,,,,,,,,,
,,156,159,,159,,159,,159,,,,,,
Intai Main trial /27,,160,163,160,,160,,160,,,,,,,
,,164,167,,167,,,,,,,,,,
,,168,171,168,,,,,,,,,,,
,,172,175,,175,,175,,,,,,,,
,,176,179,176,,176,,,,,,,,,
,,180,183,,183,,,,,,,,,,
,,184,187,184,,,,,,,,,,,
,,188,191,,191,,191,,191,,191,,,,
Intai Backup trial /27,,192,195,192,,192,,192,,192,,,,,
,,196,199,,199,,,,,,,,,,
,,200,203,200,,,,,,,,,,,
,,204,207,,207,,207,,,,,,,,
,,208,211,208,,208,,,,,,,,,
,,212,215,,215,,,,,,,,,,
,,216,219,216,,,,,,,,,,,
,,220,223,,223,,223,,223,,,,,,
,,224,227,224,,224,,224,,,,,,,
,,228,231,,231,,,,,,,,,,
,,232,235,232,,,,,,,,,,,
,,236,239,,239,,239,,,,,,,,
,,240,243,240,,240,,,,,,,,,
,,244,247,,247,,,,,,,,,,
,,248,251,248,,,,,,,,,,,
Kantor Batam,1588,252,255,,255,,255,,255,,255,,255,,255