2401:a0a0:7::/48,,
,,
,kediri-icon,2401:a0a0:7::2/127
,kediri-icon,2401:a0a0:7::3/127
,ls eie,2401:a0a0:7::4/127
,ls eie,2401:a0a0:7::5/127
,sgix,2401:a0a0:7::6/127
,sgixx,2401:a0a0:7::7/127
,sandya,2401:a0a0:7::8/127
,sandya,2401:a0a0:7::9/127
,fibernet,2401:a0a0:7::10/127
,fibernet,2401:a0a0:7::11/127
,LS Google S,2401:a0a0:7::12/127
,LS Google S,2401:a0a0:7::13/127
,kediri-fs,2401:a0a0:7::14/127
,kediri-fs,2401:a0a0:7::15/127
,kediri-iforte,2401:a0a0:7::16/127
,kediri-iforte,2401:a0a0:7::17/127
,kediri-lintas,2401:a0a0:7::18/127
,kediri-lintas,2401:a0a0:7::19/127
,pni-304,2401:a0a0:7::20/127
,pni-304,2401:a0a0:7::21/127
,Gasnet,2401:a0a0:7::22/127
,Gasnet,2401:a0a0:7::23/127
,Airlink,2401:a0a0:7::24/127
,airlink,2401:a0a0:7::25/127
,,2401:a0a0:7::26/127
,,2401:a0a0:7::27/127
,ls-dist-mr,2401:a0a0:7::28/127
,ls-dist-mr,2401:a0a0:7::29/127
,DMT (MRP),2401:a0a0:7::30/127
,DMT (Client),2401:a0a0:7::31/127
,artha lintas,2401:a0a0:7::32/127
,artha lintas,2401:a0a0:7::33/127
,,2401:a0a0:7::34/127
,,2401:a0a0:7::35/127
,,2401:a0a0:7::36/127
,,2401:a0a0:7::37/127
,,2401:a0a0:7::38/127
,,2401:a0a0:7::39/127
,,2401:a0a0:7::40/127
,,2401:a0a0:7::41/127
,,2401:a0a0:7::42/127
,,2401:a0a0:7::43/127
,,2401:a0a0:7::44/127
,,2401:a0a0:7::45/127
,,2401:a0a0:7::46/127
,,2401:a0a0:7::47/127
,,2401:a0a0:7::48/127
,,2401:a0a0:7::49/127
,,2401:a0a0:7::50/127
,,2401:a0a0:7::51/127
,,2401:a0a0:7::52/127
,,2401:a0a0:7::53/127
,,2401:a0a0:7::54/127
,,2401:a0a0:7::55/127
,,2401:a0a0:7::56/127
,,2401:a0a0:7::57/127
,,2401:a0a0:7::58/127
,,2401:a0a0:7::59/127
,,2401:a0a0:7::60/127
,,2401:a0a0:7::61/127
,,2401:a0a0:7::62/127
,,2401:a0a0:7::63/127
,,2401:a0a0:7::64/127